english,hassaniya_ar,hassaniya_en,bucket,source,context
Peace be upon you (use at any time of the day),Is-selaamu caleykum,Is-selaamu caleykum,everyday_chat,peace_corps_mauritania,greeting
"And on you, too (reply)",We caleykum is-selaam,We caleykum is-selaam,everyday_chat,peace_corps_mauritania,greeting
Good morning,Ish haal is-sbaah,Ish haal is-sbaah,everyday_chat,peace_corps_mauritania,greeting
Good afternoon,Ish haal li-mgiil,Ish haal li-mgiil,everyday_chat,peace_corps_mauritania,greeting
Good evening,Ish haal li-mbaat,Ish haal li-mbaat,everyday_chat,peace_corps_mauritania,greeting
Are you in peace?,Eyaak il-khayr?,Eyaak il-khayr?,everyday_chat,peace_corps_mauritania,greeting
Peace only,Il-khayr il-hamdulillaah,Il-khayr il-hamdulillaah,everyday_chat,peace_corps_mauritania,greeting
How are you?,Ish haalak?,Ish haalak?,everyday_chat,peace_corps_mauritania,greeting
I am fine,Lebaas meshaallaah,Lebaas meshaallaah,everyday_chat,peace_corps_mauritania,greeting
How is the family?,Ish haal usrtak?,Ish haal usrtak?,everyday_chat,peace_corps_mauritania,greeting
They are fine,Lebaas cliihum,Lebaas cliihum,everyday_chat,peace_corps_mauritania,greeting
How is the work?,Ish haal ish-shaqle?,Ish haal ish-shaqle?,everyday_chat,peace_corps_mauritania,greeting
Welcome!,Merhbe!,Merhbe!,everyday_chat,peace_corps_mauritania,greeting
Thank you!,Shukran!,Shukran!,everyday_chat,peace_corps_mauritania,greeting
My name is Sidi,Aane esmi Sidi,Aane esmi Sidi,everyday_chat,peace_corps_mauritania,self_introduction
My last name is Brahim,Aane wul Brahim,Aane wul Brahim,everyday_chat,peace_corps_mauritania,self_introduction
What's your name?,Nte esmak?,Nte esmak?,everyday_chat,peace_corps_mauritania,self_introduction
What's your last name?,Nte wul aash?,Nte wul aash?,everyday_chat,peace_corps_mauritania,self_introduction
I am from Mauritania,Aane min Muuritaan,Aane min Muuritaan,everyday_chat,peace_corps_mauritania,self_introduction
Where are you from?,Nte min mneyn?,Nte min mneyn?,everyday_chat,peace_corps_mauritania,self_introduction
I am a teacher,Aane garraay,Aane garraay,everyday_chat,peace_corps_mauritania,self_introduction
John is a volunteer,John mutetawic,John mutetawic,everyday_chat,peace_corps_mauritania,self_introduction
Good-bye! / Stay in peace,Maca is-selaam,Maca is-selaam,everyday_chat,peace_corps_mauritania,leave_taking
See you!,Ile il-liqaa,Ile il-liqaa,everyday_chat,peace_corps_mauritania,leave_taking
Have a good day,yuum saciid,yuum saciid,everyday_chat,peace_corps_mauritania,leave_taking
Have a good night,Leyle saciide,Leyle saciide,everyday_chat,peace_corps_mauritania,leave_taking
May we have a good night,Mbaatu bikhayr,Mbaatu bikhayr,everyday_chat,peace_corps_mauritania,leave_taking
Amen!,Emiin!,Emiin!,everyday_chat,peace_corps_mauritania,leave_taking
See you in the morning,Ile mca is-sbaah,Ile mca is-sbaah,everyday_chat,peace_corps_mauritania,leave_taking
See you tomorrow,Ile is-subh,Ile is-subh,everyday_chat,peace_corps_mauritania,leave_taking
I am tired,Aane vetraan,Aane vetraan,everyday_chat,peace_corps_mauritania,useful_expression
I am sleepy,Aane nacsaan,Aane nacsaan,everyday_chat,peace_corps_mauritania,useful_expression
I am hungry,Aane jicaan,Aane jicaan,everyday_chat,peace_corps_mauritania,useful_expression
I am not hungry,Aane maani jicaan,Aane maani jicaan,everyday_chat,peace_corps_mauritania,useful_expression
I am thirsty,Aane catshaan,Aane catshaan,everyday_chat,peace_corps_mauritania,useful_expression
It's hot,Haadhe haami,Haadhe haami,everyday_chat,peace_corps_mauritania,useful_expression
It's cold,Haadhe baarid,Haadhe baarid,everyday_chat,peace_corps_mauritania,useful_expression
Excuse me,Esmah li,Esmah li,everyday_chat,peace_corps_mauritania,useful_expression
You are excused,Musaameh,Musaameh,everyday_chat,peace_corps_mauritania,useful_expression
Where are you going?,Nte ish gaayes?,Nte ish gaayes?,everyday_chat,peace_corps_mauritania,useful_expression
I am going home,Aane gaayes id-daar,Aane gaayes id-daar,everyday_chat,peace_corps_mauritania,useful_expression
I am going to school,Aane gaayes il-medrase,Aane gaayes il-medrase,everyday_chat,peace_corps_mauritania,useful_expression
Do you speak Hassaniya?,Nte titkellem il-hassaaniye?,Nte titkellem il-hassaaniye?,everyday_chat,peace_corps_mauritania,useful_expression
"Yes, I speak Hassaniya a little bit","Eheyh, aane nitkellem il-hassaaniye shwey","Eheyh, aane nitkellem il-hassaaniye shwey",everyday_chat,peace_corps_mauritania,useful_expression
I don't like French,Aane maa nibqi il-varensiye,Aane maa nibqi il-varensiye,everyday_chat,peace_corps_mauritania,useful_expression
I don't like coffee,Aane maa nibqi kaave,Aane maa nibqi kaave,everyday_chat,peace_corps_mauritania,useful_expression
I study,Aane negra,Aane negra,everyday_chat,peace_corps_mauritania,useful_expression
I eat,Aane newkel,Aane newkel,everyday_chat,peace_corps_mauritania,useful_expression
I work,Aane nishtqal,Aane nishtqal,everyday_chat,peace_corps_mauritania,useful_expression
I am having some sleep,Aane laahi nirgid shwey,Aane laahi nirgid shwey,everyday_chat,peace_corps_mauritania,useful_expression
I want to rest,Aane ndewr nistrah,Aane ndewr nistrah,everyday_chat,peace_corps_mauritania,useful_expression
A woman,mra,mra,everyday_chat,peace_corps_mauritania,vocabulary_family
Women,cleyaat,cleyaat,everyday_chat,peace_corps_mauritania,vocabulary_family
A man,raajil,raajil,everyday_chat,peace_corps_mauritania,vocabulary_family
Men,rajjaale,rajjaale,everyday_chat,peace_corps_mauritania,vocabulary_family
A girl,tivle,tivle,everyday_chat,peace_corps_mauritania,vocabulary_family
Girls,taavilaat,taavilaat,everyday_chat,peace_corps_mauritania,vocabulary_family
A boy,tvel,tvel,everyday_chat,peace_corps_mauritania,vocabulary_family
Boys,ciyyel,ciyyel,everyday_chat,peace_corps_mauritania,vocabulary_family
A child,ishiir,ishiir,everyday_chat,peace_corps_mauritania,vocabulary_family
Children,ishaashre,ishaashre,everyday_chat,peace_corps_mauritania,vocabulary_family
A family,usra,usra,everyday_chat,peace_corps_mauritania,vocabulary_family
Mother,um,um,everyday_chat,peace_corps_mauritania,vocabulary_family
Father,bu,bu,everyday_chat,peace_corps_mauritania,vocabulary_family
Wife,zewje,zewje,everyday_chat,peace_corps_mauritania,vocabulary_family
Husband,zewj,zewj,everyday_chat,peace_corps_mauritania,vocabulary_family
Sister,khit,khit,everyday_chat,peace_corps_mauritania,vocabulary_family
Brother,khu,khu,everyday_chat,peace_corps_mauritania,vocabulary_family
Morning,is-sbaah,is-sbaah,everyday_chat,peace_corps_mauritania,vocabulary_time
Noon,il-gaayle,il-gaayle,everyday_chat,peace_corps_mauritania,vocabulary_time
Afternoon,id-dahmiis,id-dahmiis,everyday_chat,peace_corps_mauritania,vocabulary_time
Night,leyle,leyle,everyday_chat,peace_corps_mauritania,vocabulary_time
Breakfast,is-sbuuh,is-sbuuh,everyday_chat,peace_corps_mauritania,vocabulary_time
Lunch,li-qde,li-qde,everyday_chat,peace_corps_mauritania,vocabulary_time
Dinner,li-cshe,li-cshe,everyday_chat,peace_corps_mauritania,vocabulary_time
Water,il-me,il-me,everyday_chat,peace_corps_mauritania,vocabulary_food_drink
Tea,etaay,etaay,everyday_chat,peace_corps_mauritania,vocabulary_food_drink
Coffee,kaave,kaave,everyday_chat,peace_corps_mauritania,vocabulary_food_drink
Milk,il-lben,il-lben,everyday_chat,peace_corps_mauritania,vocabulary_food_drink
Sugar,is-sekker,is-sekker,everyday_chat,peace_corps_mauritania,vocabulary_food_drink
Salt,il-milh,il-milh,everyday_chat,peace_corps_mauritania,vocabulary_food_drink
Rice,maaru,maaru,everyday_chat,peace_corps_mauritania,vocabulary_food_drink
Fish,il-huut,il-huut,everyday_chat,peace_corps_mauritania,vocabulary_food_drink
Meat,il-lham,il-lham,everyday_chat,peace_corps_mauritania,vocabulary_food_drink
School,il-medrase,il-medrase,everyday_chat,peace_corps_mauritania,vocabulary_places
Classroom,il-vasl,il-vasl,everyday_chat,peace_corps_mauritania,vocabulary_places
Toilet,id-duush,id-duush,everyday_chat,peace_corps_mauritania,vocabulary_places
Kitchen,il-kuziin,il-kuziin,everyday_chat,peace_corps_mauritania,vocabulary_places
Hangar (Straw roof that you sit under),li-mbaar,li-mbaar,everyday_chat,peace_corps_mauritania,vocabulary_places
House,id-daar,id-daar,everyday_chat,peace_corps_mauritania,vocabulary_places
Room,il-beyt,il-beyt,everyday_chat,peace_corps_mauritania,vocabulary_places
Tent,il-khayme,il-khayme,everyday_chat,peace_corps_mauritania,vocabulary_places
Dispensary,it-tabb,it-tabb,everyday_chat,peace_corps_mauritania,vocabulary_places
Market,il-marsa,il-marsa,everyday_chat,peace_corps_mauritania,vocabulary_places
Shop,il-butiig,il-butiig,everyday_chat,peace_corps_mauritania,vocabulary_places
Office,il-mekteb,il-mekteb,everyday_chat,peace_corps_mauritania,vocabulary_places
River,li-bhar,li-bhar,everyday_chat,peace_corps_mauritania,vocabulary_places
A well,il-haasi,il-haasi,everyday_chat,peace_corps_mauritania,vocabulary_places
Pump,il-mekiine,il-mekiine,everyday_chat,peace_corps_mauritania,vocabulary_places
Garden,il-hadiiqa,il-hadiiqa,everyday_chat,peace_corps_mauritania,vocabulary_places
Field,li-hriithe,li-hriithe,everyday_chat,peace_corps_mauritania,vocabulary_places
Working place,bell ish-shaqle,bell ish-shaqle,everyday_chat,peace_corps_mauritania,vocabulary_places
Mosque,li-msiid,li-msiid,everyday_chat,peace_corps_mauritania,vocabulary_places
Bank,il-benk,il-benk,everyday_chat,peace_corps_mauritania,vocabulary_places
Bus station,waqvet il-biis,waqvet il-biis,everyday_chat,peace_corps_mauritania,vocabulary_places
Airport,il-mataar,il-mataar,everyday_chat,peace_corps_mauritania,vocabulary_places
A table,taable,taable,everyday_chat,peace_corps_mauritania,vocabulary_objects
A chair,migcayde,migcayde,everyday_chat,peace_corps_mauritania,vocabulary_objects
A door,baab,baab,everyday_chat,peace_corps_mauritania,vocabulary_objects
A window,kuwe,kuwe,everyday_chat,peace_corps_mauritania,vocabulary_objects
A pen,qlem,qlem,everyday_chat,peace_corps_mauritania,vocabulary_objects
A pencil,qlem rasaas,qlem rasaas,everyday_chat,peace_corps_mauritania,vocabulary_objects
A notebook,karne,karne,everyday_chat,peace_corps_mauritania,vocabulary_objects
A book,ktaab,ktaab,everyday_chat,peace_corps_mauritania,vocabulary_objects
A bag,sak,sak,everyday_chat,peace_corps_mauritania,vocabulary_objects
Chalk,tabshuur,tabshuur,everyday_chat,peace_corps_mauritania,vocabulary_objects
Chalk board,sebbuura,sebbuura,everyday_chat,peace_corps_mauritania,vocabulary_objects
A plate,plaat,plaat,everyday_chat,peace_corps_mauritania,vocabulary_objects
A spoon,kiddu,kiddu,everyday_chat,peace_corps_mauritania,vocabulary_objects
A knife,muus,muus,everyday_chat,peace_corps_mauritania,vocabulary_objects
A broom,balaaye,balaaye,everyday_chat,peace_corps_mauritania,vocabulary_objects
A bed,metke,metke,everyday_chat,peace_corps_mauritania,vocabulary_objects
A blanket,mbedju,mbedju,everyday_chat,peace_corps_mauritania,vocabulary_objects
A bed sheet,dra,dra,everyday_chat,peace_corps_mauritania,vocabulary_objects
A mat,hsayra,hsayra,everyday_chat,peace_corps_mauritania,vocabulary_objects
Clothes,lbaas,lbaas,everyday_chat,peace_corps_mauritania,vocabulary_objects
A shirt,tirki,tirki,everyday_chat,peace_corps_mauritania,vocabulary_objects
Pants,sirwaal,sirwaal,everyday_chat,peace_corps_mauritania,vocabulary_objects
Shoes,ncaayil,ncaayil,everyday_chat,peace_corps_mauritania,vocabulary_objects
Bike,raale,raale,everyday_chat,peace_corps_mauritania,vocabulary_objects
Eye glasses,bassaraat,bassaraat,everyday_chat,peace_corps_mauritania,vocabulary_objects
Monday,lethneyn,lethneyn,everyday_chat,peace_corps_mauritania,vocabulary_days
Tuesday,ith-thlaathe,ith-thlaathe,everyday_chat,peace_corps_mauritania,vocabulary_days
Wednesday,lerbca,lerbca,everyday_chat,peace_corps_mauritania,vocabulary_days
Thursday,likhmiis,likhmiis,everyday_chat,peace_corps_mauritania,vocabulary_days
Friday,il-jumuca,il-jumuca,everyday_chat,peace_corps_mauritania,vocabulary_days
Saturday,is-sibt,is-sibt,everyday_chat,peace_corps_mauritania,vocabulary_days
Sunday,il-had,il-had,everyday_chat,peace_corps_mauritania,vocabulary_days
How are you?,Esh hal-ak?,Esh hal-ak?,everyday_chat,youtube_language_beat,greeting_question
"Fine, thanks to God","Labas, mashalah","Labas, mashalah",everyday_chat,youtube_language_beat,greeting_response
How are you? Are you doing fine?,Esh hal-ak? Yak labas?,Esh hal-ak? Yak labas?,everyday_chat,youtube_language_beat,greeting_question
"Fine, thanks to God","Labas, mashalah","Labas, mashalah",everyday_chat,youtube_language_beat,greeting_response
How are you? Is everything good?,Esh hal-ak? Yak elkher?,Esh hal-ak? Yak elkher?,everyday_chat,youtube_language_beat,greeting_question
"Fine, thanks to God","Labas, mashalah","Labas, mashalah",everyday_chat,youtube_language_beat,greeting_response
Are you doing fine? / Hope everything is good,Yak labas?,Yak labas?,everyday_chat,youtube_language_beat,conversational_phrase
Is everything good?,Yak elkher?,Yak elkher?,everyday_chat,youtube_language_beat,conversational_phrase
"Fine, praise be to God","Labas, alhamdulilah","Labas, alhamdulilah",everyday_chat,youtube_language_beat,conversational_phrase
I,ana,ana,everyday_chat,youtube_language_beat,vocabulary_pronoun
you (male),nte,nte,everyday_chat,youtube_language_beat,vocabulary_pronoun
you (female),nti,nti,everyday_chat,youtube_language_beat,vocabulary_pronoun
he,huwe,huwe,everyday_chat,youtube_language_beat,vocabulary_pronoun
she,hiye,hiye,everyday_chat,youtube_language_beat,vocabulary_pronoun
we,nahne,nahne,everyday_chat,youtube_language_beat,vocabulary_pronoun
you (plural),ntuume,ntuume,everyday_chat,youtube_language_beat,vocabulary_pronoun
they,huume,huume,everyday_chat,youtube_language_beat,vocabulary_pronoun
a woman,mra,mra,everyday_chat,youtube_language_beat,vocabulary_family
a man,rajel,rajel,everyday_chat,youtube_language_beat,vocabulary_family
mother,um,um,everyday_chat,youtube_language_beat,vocabulary_family
father,bu,bu,everyday_chat,youtube_language_beat,vocabulary_family
sister,khit,khit,everyday_chat,youtube_language_beat,vocabulary_family
brother,khu,khu,everyday_chat,youtube_language_beat,vocabulary_family
wife,zewje,zewje,everyday_chat,youtube_language_beat,vocabulary_family
husband,zewj,zewj,everyday_chat,youtube_language_beat,vocabulary_family
a child,ishiir,ishiir,everyday_chat,youtube_language_beat,vocabulary_family
a family,usra,usra,everyday_chat,youtube_language_beat,vocabulary_family
morning,es-sbah,es-sbah,everyday_chat,youtube_language_beat,vocabulary_time
noon,il-gaayle,il-gaayle,everyday_chat,youtube_language_beat,vocabulary_time
afternoon,id-dahmiis,id-dahmiis,everyday_chat,youtube_language_beat,vocabulary_time
night,leila,leila,everyday_chat,youtube_language_beat,vocabulary_time
a table,tabla,tabla,everyday_chat,youtube_language_beat,vocabulary_object
a door,bab,bab,everyday_chat,youtube_language_beat,vocabulary_object
a book,kitab,kitab,everyday_chat,youtube_language_beat,vocabulary_object
a pen,qlem,qlem,everyday_chat,youtube_language_beat,vocabulary_object
a notebook,karne,karne,everyday_chat,youtube_language_beat,vocabulary_object
a chair,migcayde,migcayde,everyday_chat,youtube_language_beat,vocabulary_object
I am tired,Ana fetran,Ana fetran,everyday_chat,youtube_language_beat,feeling
I am hungry,Ana jiaan,Ana jiaan,everyday_chat,youtube_language_beat,feeling
I am thirsty,Ana atchan,Ana atchan,everyday_chat,youtube_language_beat,feeling
I am sleepy,Ana nacsaan,Ana nacsaan,everyday_chat,youtube_language_beat,feeling
I don't like coffee,Ana ma nbghi kave,Ana ma nbghi kave,everyday_chat,youtube_language_beat,preference
I like tea,Ana nbghi etaay,Ana nbghi etaay,everyday_chat,youtube_language_beat,preference
I work,Ana neshghal,Ana neshghal,everyday_chat,youtube_language_beat,action
I study,Ana nagra,Ana nagra,everyday_chat,youtube_language_beat,action
I eat,Ana newkel,Ana newkel,everyday_chat,youtube_language_beat,action
Peace be upon you,As-salamu alaykum,As-salamu alaykum,everyday_chat,youtube_language_beat,greeting
How are you?,Shhalek?,Shhalek?,everyday_chat,youtube_language_beat,greeting
My name is Sidi,Ana esmi Sidi,Ana esmi Sidi,everyday_chat,youtube_language_beat,self_introduction
I am from Mauritania,Ana men Muritan,Ana men Muritan,everyday_chat,youtube_language_beat,self_introduction
I am a teacher,Ana garraay,Ana garraay,everyday_chat,youtube_language_beat,self_introduction
كيف حالك - How are you?,اشحالك,esh7alak,everyday_chat,mo3jam_dictionary,vocabulary
"How are you, brother?",اشحالك يا اخي,ach7alk ya a5y,everyday_chat,mo3jam_dictionary,example_sentence
start/begin,ابداي,abdai,everyday_chat,mo3jam_dictionary,vocabulary
give it to me,اتينه,atinah,everyday_chat,mo3jam_dictionary,vocabulary
what's up/what's happening,اشطاري,ashtari,everyday_chat,mo3jam_dictionary,vocabulary
what are you doing,اشواعد,ashwa3d,everyday_chat,mo3jam_dictionary,vocabulary
leg/foot,اكراع,akra3,everyday_chat,mo3jam_dictionary,vocabulary
Second white month (Hassaniya calendar),الأبيظ الثاني,al-abyad al-thani,everyday_chat,mo3jam_dictionary,vocabulary
First white month (Hassaniya calendar),الابيظ الاول,al-abyad al-awwal,everyday_chat,mo3jam_dictionary,vocabulary
Hijri months in Hassaniya dialect,الأشهر الهجرية بالحسانية,al-ashhur al-hijriya bil-hassaniya,everyday_chat,mo3jam_dictionary,vocabulary
door/gate,الببان,al-babban,everyday_chat,mo3jam_dictionary,vocabulary
orange (fruit),البرتوش,al-bartush,everyday_chat,mo3jam_dictionary,vocabulary
dry/dried,الجفة,al-jaffa,everyday_chat,mo3jam_dictionary,vocabulary
fish,الحوت,al-hut,everyday_chat,mo3jam_dictionary,vocabulary
the woman/wife,الراله,al-ralah,everyday_chat,mo3jam_dictionary,vocabulary
knives,السكاك,al-skak,everyday_chat,mo3jam_dictionary,vocabulary
Sahrawi/desert person,الصحراوي,al-sahrawi,everyday_chat,mo3jam_dictionary,vocabulary
brick,الطوبة,al-tuba,everyday_chat,mo3jam_dictionary,vocabulary
camel herder,الغمال,al-ghammal,everyday_chat,mo3jam_dictionary,vocabulary
traditional Mauritanian Quranic school,المحظرة,al-mahdhara,everyday_chat,mo3jam_dictionary,vocabulary
fan/blower,المنداف,al-mindaf,everyday_chat,mo3jam_dictionary,vocabulary
yes,ايوة,aywa,everyday_chat,mo3jam_dictionary,vocabulary
Better to be close/nearby,أحسن تكارب,27sn tkarb,public_comments,mo3jam_dictionary,proverb
Faster than an ostrich,افرك من النعام,avrk mn aln3am,public_comments,mo3jam_dictionary,proverb
"He who feeds you and feeds him in the country, if they turn crooked, they fall",اللي اعشاك واعشاه فابلد ايلا عوجو كبو,ally a3chak wa3chah vabld ayla 3wjw kbw,public_comments,mo3jam_dictionary,proverb
"He who doesn't listen to you, you can't benefit him",المايسمع لك ما تنفعه,almaysm3 lk ma tnv3h,public_comments,mo3jam_dictionary,proverb
happiness,سعادت,s3adt,everyday_chat,omniglot,vocabulary
learning/reading,قرايت,9rayt,everyday_chat,omniglot,vocabulary
awakens,يحرار,y7rar,everyday_chat,omniglot,vocabulary
opens,ينحل,yn7l,everyday_chat,omniglot,vocabulary
his eyes,عينه,3ynh,everyday_chat,omniglot,vocabulary
sees,يشڤ,ychv,everyday_chat,omniglot,vocabulary
path,طريق,6ry9,everyday_chat,omniglot,vocabulary
life,حيات,7yat,everyday_chat,omniglot,vocabulary
apparent/visible,ڤايت,vayt,everyday_chat,omniglot,vocabulary
future,مستقبل,mst9bl,everyday_chat,omniglot,vocabulary
educated/reader,قار,9ar,everyday_chat,omniglot,vocabulary
blind,اعمة,a3ma,everyday_chat,omniglot,vocabulary
seer,اشايڤ,achayv,everyday_chat,omniglot,vocabulary
best/choice,خيار,5yar,everyday_chat,omniglot,vocabulary
children,ولادم,wladm,everyday_chat,omniglot,vocabulary
we urge,نوص,nws,everyday_chat,omniglot,vocabulary
head/self,راس,ras,everyday_chat,omniglot,vocabulary
"The first happiness of man is to learn. The one who learns awakens and opens his eyes. And he sees the path that life traces for him. He knows what is apparent and what is hidden. The difference between the educated and the uneducated is the difference between the blind and the seer. The best thing a man should be looking for is to learn. We urge you to learn for yourselves and to inspire your children to learn, serving as role models for them.",اﻭﻝ من سعادت لنساﻥ: قرايت. ﻭة ﻝ قرة يحرار ﻭة ينحل عينه. ﻭة يشڤ طريق تضمنل اﻝ حيات ﻭة تعرڤ بل ڤايت ﻭﻝ مستقبل. ﻭﻝ ﻝ بين اﻝ قار ﻭﻝ ماﻩ ﻕار ﻩﻭة ﻝ بين، اعمة ﻭة اشايڤ. ﻩية خيار ﻝ يصبح شﻭر هة ﻭلادم .ﻭلة يسد بة، هية اﻝ ﻕرايت. نوص راس كم عليهة ﻭة ندﻩ عليهة تركت كم ﻭة مش نتمة ﻕدان هم,"Ëwwël mën saʼaadët linsaan: graaytu. Wë li gra yëḥraar wë yënḥallu ʼayniih. Wë yëŝuuv ṭriig tëḍmënlu ël ḥayaat wë tëʼarvu bil vaayit wël mustaqbël. Wël li bëyn ël gaari wël maahu gaari huwwë li bëyn, ëʼmë wë ëŝŝaayiv. Hiyyë xiyaar li yëṣbaḥ ŝoor hë wullaadëm walla yëssed bë, hiyyë ël graayat. Nwaṣṣi raasi kum ʼiliihë wë ndihu ʼiliihë tërkët kum wë mŝu ntuumë gëddaan hum.",everyday_chat,omniglot,literary_text
"Corolla Verso, new, hasn't expired, registered, and its papers are only two weeks old.",corolla verso اجديد مافات ورقم وملفو مالو اسبوعين .,corolla verso ajdyd mavat wr9m wmlvw malw asbw3yn .,marketplace_qa,voursa_marketplace,product_description
new (Hassania pronunciation of جديد),اجديد,ajdyd,marketplace_qa,voursa_marketplace,marketplace_vocabulary
hasn't expired/passed (registration/inspection),مافات,mavat,marketplace_qa,voursa_marketplace,marketplace_vocabulary
registered (with papers),ورقم,wr9m,marketplace_qa,voursa_marketplace,marketplace_vocabulary
registered (feminine form),ورقمت,wr9mt,marketplace_qa,voursa_marketplace,marketplace_vocabulary
clean (good condition),نظيفة,n8yva,marketplace_qa,voursa_marketplace,marketplace_vocabulary
good/nice (Hassania),زينة,zyna,marketplace_qa,voursa_marketplace,marketplace_vocabulary
its AC is cold,كليمها بارد,klymha bard,marketplace_qa,voursa_marketplace,marketplace_vocabulary
its file/papers,ملفو,mlvw,marketplace_qa,voursa_marketplace,marketplace_vocabulary
it has been (time expression),مالو,malw,marketplace_qa,voursa_marketplace,marketplace_vocabulary
arrived from (import origin),واصل,wasl,marketplace_qa,voursa_marketplace,marketplace_vocabulary
its engine,مكينتها,mkyntha,marketplace_qa,voursa_marketplace,marketplace_vocabulary
its condition,حالتها,7altha,marketplace_qa,voursa_marketplace,marketplace_vocabulary
"[Real estate: Land Plot in Tevragh Zeina - 4,000,000 MRU]",نيمرو من h اسويت للبيع,nymrw mn h aswyt llby3,marketplace_qa,voursa_marketplace,real_estate_listing
"[Real estate: Land Plot in Toujounine - 700,000 MRU]",نيمروين احذ كرفور النايب,nymrwyn a74 krvwr alnayb,marketplace_qa,voursa_marketplace,real_estate_listing
"[Real estate: Land Plot in Dar Naim - 1,300,000 MRU]",قطعة أرض للبيع فالمطار القديم,963a 2rd llby3 valm6ar al9dym,marketplace_qa,voursa_marketplace,real_estate_listing
"[Real estate: Land Plot in Tevragh Zeina - 5,500,000 MRU]",نيمرو فكرن من سكتير 1 افنور للبيع,nymrw vkrn mn sktyr 1 avnwr llby3,marketplace_qa,voursa_marketplace,real_estate_listing
"[Real estate: Land Plot in Tevragh Zeina - 4,500,000 MRU]",نيمرو من سكتير 6 اكريب من كدروه للبيع,nymrw mn sktyr 6 akryb mn kdrwh llby3,marketplace_qa,voursa_marketplace,real_estate_listing
"[Real estate: Land Plot in Tevragh Zeina - 7,500,000 MRU]",نيمرو إعلى كدروه قرب الجامعة اللبنانية,nymrw 23la kdrwh 9rb aljam3a allbnanya,marketplace_qa,voursa_marketplace,real_estate_listing
"[Real estate: Residential Property in Dar Naim - 450,000 MRU]",دار فدار النعيم قرب فيراج ولد ابادو فاتحه في برك,dar vdar aln3ym 9rb vyraj wld abadw vat7h vy brk,marketplace_qa,voursa_marketplace,real_estate_listing
"[Real estate: Land Plot in Tevragh Zeina - 5,200,000 MRU]",نيمرو فكرن من لساتذ,nymrw vkrn mn lsat4,marketplace_qa,voursa_marketplace,real_estate_listing
"[Real estate: Land Plot in Tevragh Zeina - 520,000 MRU]",نيمرو فاتح الوره والكدام من اتراب صنادرة التيسير للبيع,nymrw vat7 alwrh walkdam mn atrab snadra altysyr llby3,marketplace_qa,voursa_marketplace,real_estate_listing
"[Real estate: Residential Property in Teyarett - 8,500 MRU]",استوديو في عين الطلح,astwdyw vy 3yn al6l7,marketplace_qa,voursa_marketplace,real_estate_listing
"[Real estate: Residential Property in Arafat - 1,600,000 MRU]",دار فعرفات احذ اوفو الكيل,dar v3rvat a74 awvw alkyl,marketplace_qa,voursa_marketplace,real_estate_listing
"[Real estate: Residential Property in Arafat - 1,000,000 MRU]",سمعه احذ حمام الياسمين,sm3h a74 7mam alyasmyn,marketplace_qa,voursa_marketplace,real_estate_listing
"[Real estate: Residential Property in Tevragh Zeina - 15,000 MRU]",ابرتماه لم يسكن من قبل قرب سفارةامريكا,abrtmah lm yskn mn 9bl 9rb svaraamryka,marketplace_qa,voursa_marketplace,real_estate_listing
"[Real estate: Residential Property in Tevragh Zeina - 7,000,000 MRU]",ديبلكس طراز راقى في الفوز الصحراوي,dyblks 6raz ra9a vy alvwz als7rawy,marketplace_qa,voursa_marketplace,real_estate_listing
"[Real estate: Residential Property in Tevragh Zeina - 2,500,000 MRU]",شانتي للببع فا BCI سيت ابلاج,chanty llbb3 va BCI syt ablaj,marketplace_qa,voursa_marketplace,real_estate_listing
"[Real estate: Residential Property in Chami - 190,000 MRU]",فرصة نيمرو فالشامي فيه سكن هوين,vrsa nymrw valchamy vyh skn hwyn,marketplace_qa,voursa_marketplace,real_estate_listing
"[Real estate: Residential Property in Dar Naim - 1,300,000 MRU]",سمعه االقوك وتحت ف تن سويلم بالقرب من البوصط للبيع,sm3h aal9wk wt7t v tn swylm bal9rb mn albws6 llby3,marketplace_qa,voursa_marketplace,real_estate_listing
"[Real estate: Land Plot in Tevragh Zeina - 2,600,000 MRU]",فورصة نص من سكتير 1 بلو ابيظ,vwrsa ns mn sktyr 1 blw aby8,marketplace_qa,voursa_marketplace,real_estate_listing
"[Real estate: Residential Property in Arafat - 530,000 MRU]",دار فملح,dar vml7,marketplace_qa,voursa_marketplace,real_estate_listing
numéro - plot number (from French),نيمرو,nymrw,marketplace_qa,voursa_marketplace,real_estate_vocabulary
two plots,نيمروين,nymrwyn,marketplace_qa,voursa_marketplace,real_estate_vocabulary
near/beside (Hassania),احذ,a74,marketplace_qa,voursa_marketplace,real_estate_vocabulary
close to (Hassania),اكريب,akryb,marketplace_qa,voursa_marketplace,real_estate_vocabulary
carrefour - intersection (from French),كرفور,krvwr,marketplace_qa,voursa_marketplace,real_estate_vocabulary
secteur - sector (from French),سكتير,sktyr,marketplace_qa,voursa_marketplace,real_estate_vocabulary
avenue (from French),افنور,avnwr,marketplace_qa,voursa_marketplace,real_estate_vocabulary
main road/cadre,كدروه,kdrwh,marketplace_qa,voursa_marketplace,real_estate_vocabulary
corner/in corner,فكرن,vkrn,marketplace_qa,voursa_marketplace,real_estate_vocabulary
house,دار,dar,marketplace_qa,voursa_marketplace,real_estate_vocabulary
small house/room,سمعه,sm3h,marketplace_qa,voursa_marketplace,real_estate_vocabulary
appartement (from French),ابرتماه,abrtmah,marketplace_qa,voursa_marketplace,real_estate_vocabulary
duplex (from French),ديبلكس,dyblks,marketplace_qa,voursa_marketplace,real_estate_vocabulary
chantier - construction site (from French),شانتي,chanty,marketplace_qa,voursa_marketplace,real_estate_vocabulary
opens to/facing,فاتح,vat7,marketplace_qa,voursa_marketplace,real_estate_vocabulary
back,الوره,alwrh,marketplace_qa,voursa_marketplace,real_estate_vocabulary
front,الكدام,alkdam,marketplace_qa,voursa_marketplace,real_estate_vocabulary
upper floor,القوك,al9wk,marketplace_qa,voursa_marketplace,real_estate_vocabulary
la poste - post office (from French),البوصط,albws6,marketplace_qa,voursa_marketplace,real_estate_vocabulary
opportunity (from French 'force'),فورصة,vwrsa,marketplace_qa,voursa_marketplace,real_estate_vocabulary
half,نص,ns,marketplace_qa,voursa_marketplace,real_estate_vocabulary
bloc - block (from French),بلو,blw,marketplace_qa,voursa_marketplace,real_estate_vocabulary
easy/simple (Hassania),هوين,hwyn,marketplace_qa,voursa_marketplace,real_estate_vocabulary
"Peace be upon you. This is a plot from H Suite, area 700m², being sold for 40 million. For more information, call the following number: 49546950",السلام عليكم هذ نيمرو من h اسويت مساحة 700م# مبيوع ب 40مليون للإستفسار اكثر اتصلوا على الرقم التالي 49546950,alslam 3lykm h4 nymrw mn h aswyt msa7a 700m# mbyw3 b 40mlywn ll2stvsar akthr atslwa 3la alr9m altaly 49546950,marketplace_qa,voursa_marketplace,real_estate_description
"[Facebook Marketplace: Vehicles - MRO1,700,000]",Corola 2013 44266586 whats app,Corola 2013 44266586 whats app,marketplace_qa,facebook_marketplace_nouakchott,marketplace_listing
[Facebook Marketplace: Real Estate - MRO16],منزل في الفلوجة,mnzl vy alvlwja,marketplace_qa,facebook_marketplace_nouakchott,marketplace_listing
in Fallujah neighborhood,فالفلوجة,valvlwja,marketplace_qa,facebook_marketplace_nouakchott,marketplace_vocabulary
[Facebook Marketplace: General - MRO100],49053247 WhatsApp et appel.....,49053247 WhatsApp et appel.....,marketplace_qa,facebook_marketplace_nouakchott,marketplace_listing
"Peace be upon you. These 4 apartments for sale in Tarhil near the police station, Massoud Street",السلام عليكم ذوك4 ابرتمهات للبيع فالترحيل حذ مفوضية الشرطة شارع مسعود,alslam 3lykm 4wk4 abrtmhat llby3 valtr7yl 74 mvwdya alchr6a char3 ms3wd,marketplace_qa,facebook_marketplace_nouakchott,marketplace_listing
these (Hassaniya demonstrative),ذوك,4wk,marketplace_qa,facebook_marketplace_nouakchott,marketplace_vocabulary
apartments (Hassaniya plural),ابرتمهات,abrtmhat,marketplace_qa,facebook_marketplace_nouakchott,marketplace_vocabulary
in Tarhil neighborhood,فالترحيل,valtr7yl,marketplace_qa,facebook_marketplace_nouakchott,marketplace_vocabulary
near/beside (Hassaniya),حذ,74,marketplace_qa,facebook_marketplace_nouakchott,marketplace_vocabulary
"[Facebook Marketplace: Real Estate - MRO4,500,000]",قطع ارضية,963 ardya,marketplace_qa,facebook_marketplace_nouakchott,marketplace_listing
"House in inner Bouhadida, has three rooms, sitting room, veranda, showers and kitchen. Price 11 million 800. To order: 36705170",دار فبوحديدة الدخلاني فيه اثلت بيوت وجلسة وفرند دوشات وكوزين السعر 11مليون و 800 للطلب36705170,dar vbw7dyda ald5lany vyh athlt bywt wjlsa wvrnd dwchat wkwzyn als3r 11mlywn w 800 ll6lb36705170,marketplace_qa,facebook_marketplace_nouakchott,marketplace_listing
house (Hassaniya),دار,dar,marketplace_qa,facebook_marketplace_nouakchott,marketplace_vocabulary
in Bouhadida neighborhood,فبوحديدة,vbw7dyda,marketplace_qa,facebook_marketplace_nouakchott,marketplace_vocabulary
interior/inner,الدخلاني,ald5lany,marketplace_qa,facebook_marketplace_nouakchott,marketplace_vocabulary
three rooms,اثلت بيوت,athlt bywt,marketplace_qa,facebook_marketplace_nouakchott,marketplace_vocabulary
sitting room,جلسة,jlsa,marketplace_qa,facebook_marketplace_nouakchott,marketplace_vocabulary
veranda (from French),فرند,vrnd,marketplace_qa,facebook_marketplace_nouakchott,marketplace_vocabulary
showers (from French douche),دوشات,dwchat,marketplace_qa,facebook_marketplace_nouakchott,marketplace_vocabulary
kitchen (from French cuisine),كوزين,kwzyn,marketplace_qa,facebook_marketplace_nouakchott,marketplace_vocabulary
"We have types of melahfa, twisted and decorated, like ruby, blessed be God",عندن انواع لملحف مبروم ومرشوش كيف الياقوت تبارك الله,3ndn anwa3 lml7v mbrwm wmrchwch kyv alya9wt tbark allh,marketplace_qa,facebook_marketplace_nouakchott,marketplace_listing
we have (Hassaniya),عندن,3ndn,marketplace_qa,facebook_marketplace_nouakchott,marketplace_vocabulary
melahfa (traditional Mauritanian women's dress),لملحف,lml7v,marketplace_qa,facebook_marketplace_nouakchott,marketplace_vocabulary
twisted/rolled (fabric type),مبروم,mbrwm,marketplace_qa,facebook_marketplace_nouakchott,marketplace_vocabulary
sprinkled/decorated,مرشوش,mrchwch,marketplace_qa,facebook_marketplace_nouakchott,marketplace_vocabulary
like (Hassaniya),كيف,kyv,marketplace_qa,facebook_marketplace_nouakchott,marketplace_vocabulary
ruby/precious,الياقوت,alya9wt,marketplace_qa,facebook_marketplace_nouakchott,marketplace_vocabulary
"[Facebook Marketplace: Services - MRO3,500]",سوق الخدمات الموريتاني,sw9 al5dmat almwrytany,marketplace_qa,facebook_marketplace_nouakchott,marketplace_listing
"these (Hassaniya demonstrative, from ذاك)",ذوك,4wk,marketplace_qa,facebook_marketplace_nouakchott,marketplace_vocabulary
apartments (Hassaniya plural of ابرتماه),ابرتمهات,abrtmhat,marketplace_qa,facebook_marketplace_nouakchott,marketplace_vocabulary
near/beside (Hassaniya preposition),حذ,74,marketplace_qa,facebook_marketplace_nouakchott,marketplace_vocabulary
house (common in Hassaniya),دار,dar,marketplace_qa,facebook_marketplace_nouakchott,marketplace_vocabulary
veranda (from French 'véranda'),فرند,vrnd,marketplace_qa,facebook_marketplace_nouakchott,marketplace_vocabulary
showers (from French 'douche'),دوشات,dwchat,marketplace_qa,facebook_marketplace_nouakchott,marketplace_vocabulary
kitchen (from French 'cuisine'),كوزين,kwzyn,marketplace_qa,facebook_marketplace_nouakchott,marketplace_vocabulary
melahfa (traditional dress),لملحف,lml7v,marketplace_qa,facebook_marketplace_nouakchott,marketplace_vocabulary
twisted/rolled fabric,مبروم,mbrwm,marketplace_qa,facebook_marketplace_nouakchott,marketplace_vocabulary
sprinkled/decorated,مرشوش,mrchwch,marketplace_qa,facebook_marketplace_nouakchott,marketplace_vocabulary
we have (Hassaniya 1st person plural),عندن,3ndn,marketplace_qa,facebook_marketplace_nouakchott,marketplace_vocabulary
like (Hassaniya comparison),كيف,kyv,marketplace_qa,facebook_marketplace_nouakchott,marketplace_vocabulary
"[Facebook Marketplace: Real Estate - MRO1,180,000]",دار فبوحديدة الدخلاني فيه اثلت بيوت وجلسة وفرند دوشات وكوزين السعر...,dar vbw7dyda ald5lany vyh athlt bywt wjlsa wvrnd dwchat wkwzyn als3r...,marketplace_qa,facebook_marketplace_nouakchott,marketplace_listing
[Facebook Marketplace: Clothing - FREE],عندن انواع لملحف مبروم ومرشوش كيف الياقوت تبارك الله,3ndn anwa3 lml7v mbrwm wmrchwch kyv alya9wt tbark allh,marketplace_qa,facebook_marketplace_nouakchott,marketplace_listing
"[Facebook Marketplace: Services - MRO3,500]",سوق الخدمات الموريتاني,sw9 al5dmat almwrytany,marketplace_qa,facebook_marketplace_nouakchott,marketplace_listing
[Facebook Marketplace: Vehicles - FREE],Toyota Land Cruiser 100 series,Toyota Land Cruiser 100 series,marketplace_qa,facebook_marketplace_nouakchott,marketplace_listing
"[Facebook Marketplace: Vehicles - MRO340,000]",Rav 4 2012 Diesel a vendre,Rav 4 2012 Diesel a vendre,marketplace_qa,facebook_marketplace_nouakchott,marketplace_listing
